words,links,capital_words,spam_word_count,is_spam
661,7,14,7,1
161,0,2,0,0
296,2,8,1,0
132,2,2,6,0
600,8,15,6,1
168,3,21,3,1
210,0,10,0,0
162,0,3,1,0
986,5,27,5,1
313,10,28,10,1
201,0,1,0,0
31,0,8,4,0
882,9,23,2,1
263,2,1,1,0
543,5,2,5,1
175,2,2,2,0
149,1,0,1,0
277,9,24,8,1
191,2,1,4,1
138,2,11,3,1
418,7,20,3,1
229,0,4,1,0
460,3,15,4,1
688,7,29,3,1
110,1,18,9,1
108,10,24,10,1
372,9,21,5,1
223,1,3,1,0
613,8,15,4,1
149,6,5,0,1
116,1,3,0,0
130,2,0,0,0
218,6,18,9,1
811,10,10,8,1
100,3,11,8,1
668,8,5,3,1
454,9,27,9,1
262,1,2,5,0
414,3,26,10,1
54,2,1,1,0
186,0,2,1,0
126,0,13,10,1
241,2,10,2,0
656,6,27,3,1
94,1,3,0,0
431,6,15,9,1
836,1,0,7,1
76,4,8,8,1
247,0,0,0,0
188,1,3,0,0
283,2,3,1,0
789,0,14,0,1
53,2,2,2,0
254,1,0,2,0
45,0,1,2,0
399,0,3,2,0
58,1,0,1,0
686,6,20,7,1
319,1,3,2,0
180,8,30,9,1
130,1,2,5,0
26,1,2,1,0
741,2,21,8,1
37,0,2,1,0
307,7,7,3,1
181,7,30,6,1
229,3,24,6,1
57,3,24,6,1
909,7,5,2,1
466,0,28,9,1
880,1,17,7,1
889,9,11,6,1
217,2,3,2,0
183,3,30,0,1
818,6,7,0,1
452,4,20,5,1
747,8,18,5,1
204,1,0,6,0
142,8,16,1,1
93,1,3,0,0
340,1,3,6,0
401,4,20,7,1
183,5,23,0,1
206,1,1,2,0
96,1,10,1,0
98,8,16,2,1
176,1,6,2,0
993,5,18,5,1
398,1,0,1,0
26,2,1,1,0
191,0,3,2,0
307,9,17,4,1
499,2,19,4,1
615,9,12,4,1
45,0,0,5,0
895,2,23,2,1
188,2,17,9,1
92,1,0,1,0
691,3,26,3,1
422,7,2,7,1
158,0,11,6,1
37,2,2,2,0
187,0,2,2,0
64,1,2,2,0
100,2,2,1,0
314,0,8,5,1
83,4,2,1,0
21,2,3,1,0
116,2,5,0,0
85,9,0,7,1
172,0,1,2,0
145,1,3,2,0
198,5,27,0,1
393,5,8,10,1
145,3,26,3,1
331,0,3,2,0
139,5,11,5,1
339,5,19,9,1
68,1,1,2,0
890,10,28,8,1
914,10,5,10,1
207,7,25,8,1
50,10,0,4,1
38,1,3,2,0
218,1,3,3,0
52,7,12,7,1
194,2,1,0,0
39,0,0,2,0
192,7,13,4,1
174,4,3,4,0
196,1,1,2,0
193,0,0,2,0
192,2,30,7,1
137,0,3,1,0
38,1,3,2,0
210,5,2,1,0
195,2,5,0,1
695,8,5,3,1
181,0,4,1,0
400,3,22,10,1
392,6,28,9,1
165,1,1,1,0
434,4,8,7,1
195,4,0,2,0
617,2,14,6,1
734,5,20,5,1
270,2,3,0,0
200,2,2,0,0
224,1,3,0,0
612,7,16,0,1
190,6,13,6,1
992,9,18,3,1
162,5,5,9,1
210,2,6,3,1
273,2,26,6,1
171,4,1,6,1
33,1,2,1,0
110,3,0,2,0
601,5,14,0,1
135,3,17,9,1
475,1,7,7,1
336,0,22,3,1
195,1,0,0,0
125,2,6,0,0
531,0,6,3,1
429,7,26,10,1
188,2,2,1,0
647,2,11,1,1
273,1,0,2,0
91,3,3,0,0
409,2,15,3,1
322,4,7,1,1
105,7,21,3,1
856,6,4,4,1
198,2,2,0,0
145,6,17,7,1
41,1,3,3,0
90,0,2,2,0
34,2,1,0,0
601,2,25,5,1
715,6,26,5,1
761,2,2,6,1
295,3,1,2,0
285,1,2,1,0
446,0,2,0,0
138,6,26,0,1
81,5,23,3,1
290,3,2,2,0
299,0,2,0,0
57,8,15,6,1
68,1,1,6,0
26,0,6,3,0
656,9,13,3,1
645,6,3,8,1
21,0,0,5,0
469,0,10,3,1
163,3,5,9,1
923,2,26,10,1
293,2,1,1,0
228,1,3,2,0
48,1,1,0,0
898,8,27,8,1
223,0,0,2,0
318,4,25,6,1
71,6,14,5,1
363,1,2,0,0
161,4,22,3,1
345,2,8,6,1
156,3,11,6,1
123,1,2,0,0
983,3,14,5,1
163,3,1,4,0
474,4,13,3,1
333,3,5,4,1
85,1,3,3,0
192,9,13,8,1
259,0,1,6,0
574,4,27,8,1
146,4,12,7,1
474,9,19,7,1
92,1,2,0,0
490,5,7,7,1
288,5,0,1,0
195,3,17,6,1
963,5,24,1,1
415,6,29,6,1
258,2,2,4,0
189,2,3,2,0
129,7,18,2,1
62,2,3,0,0
351,4,27,2,1
165,0,3,1,0
309,3,3,10,1
186,6,12,4,1
88,4,0,1,0
275,1,0,0,0
245,5,28,7,1
209,2,0,1,0
179,9,29,3,1
125,1,1,0,0
346,0,2,9,1
198,0,2,2,0
311,1,8,5,1
296,0,1,1,0
161,6,16,4,1
195,2,1,1,0
125,8,28,10,1
822,9,20,5,1
304,3,25,8,1
100,0,3,1,0
717,5,30,4,1
994,8,16,0,1
64,9,10,6,1
252,9,29,3,1
684,0,19,2,1
948,5,26,1,1
558,6,24,5,1
30,1,3,0,0
302,9,22,8,1
156,2,2,5,0
233,1,0,1,0
866,7,5,8,1
103,10,5,7,1
242,1,2,1,0
911,3,17,4,1
845,9,28,5,1
793,4,1,2,1
270,1,3,0,0
187,2,3,0,0
164,2,0,0,0
253,3,18,7,1
162,9,4,10,1
637,2,27,6,1
226,1,6,2,0
714,4,20,9,1
121,5,3,0,0
455,2,3,1,0
314,2,8,0,0
312,2,2,2,0
179,4,13,10,1
638,2,13,10,1
88,2,27,7,1
241,1,10,1,0
872,5,0,10,1
476,2,1,9,1
369,0,3,2,0
169,9,12,8,1
79,4,0,2,0
428,9,5,2,1
183,0,2,0,0
644,2,23,6,1
150,5,3,2,0
295,4,3,0,0
221,1,4,1,0
54,5,12,7,1
297,5,6,2,1
745,10,18,6,1
155,0,7,0,0
236,1,19,3,1
171,1,0,1,0
114,7,11,3,1
294,1,0,1,0
151,3,11,4,1
105,2,8,0,0
738,4,28,7,1
267,3,1,6,0
254,0,3,1,0
137,7,18,7,1
113,10,9,6,1
38,1,2,1,0
665,2,23,0,1
893,2,12,9,1
138,6,13,5,1
835,10,4,8,1
80,10,25,7,1
69,1,1,2,0
119,0,3,1,0
161,1,3,1,0
328,10,1,4,1
57,2,0,5,0
141,1,10,0,0
134,9,2,6,1
353,2,4,2,0
497,1,8,1,0
571,10,16,4,1
237,2,3,6,0
158,2,1,2,0
228,1,0,0,0
421,7,17,5,1
141,1,2,3,1
507,3,3,10,1
118,1,3,0,0
99,2,16,9,1
42,2,1,0,0
213,2,10,4,0
30,0,1,1,0
300,4,18,6,1
183,2,2,5,0
281,2,1,1,0
450,1,7,0,0
143,9,27,4,1
161,5,8,6,1
679,7,14,7,1
297,0,1,2,0
406,0,1,0,0
82,7,28,9,1
284,1,3,0,0
868,9,14,5,1
119,2,3,1,0
112,2,5,0,0
116,10,5,0,1
958,8,11,2,1
416,2,0,2,0
194,10,27,5,1
302,7,15,0,1
124,2,3,1,0
169,0,0,2,0
132,0,1,0,0
295,0,1,0,0
53,1,3,2,0
109,1,1,0,0
388,7,1,8,1
949,8,19,9,1
343,10,21,9,1
396,1,15,0,1
180,3,2,0,0
250,2,8,1,0
266,2,5,4,0
267,5,2,1,0
34,2,6,2,0
378,2,2,1,0
253,1,0,2,0
65,5,2,2,0
165,1,1,2,0
300,1,4,1,0
112,3,13,7,1
451,2,18,7,1
101,4,0,5,1
292,2,3,0,0
257,2,2,2,0
982,4,15,5,1
108,1,2,0,0
580,9,26,4,1
534,1,29,3,1
681,4,18,10,1
132,1,0,0,0
178,0,9,6,0
245,4,8,1,0
115,1,2,0,0
25,5,2,1,0
164,2,4,2,0
210,4,0,1,0
36,0,3,2,0
780,9,7,3,1
172,0,0,3,0
217,1,22,4,1
63,1,2,0,0
29,4,3,5,0
83,0,3,2,0
507,0,21,8,1
237,8,10,3,1
514,9,7,7,1
557,2,25,1,1
488,0,3,2,0
147,0,0,1,0
736,3,3,9,1
612,8,28,9,1
188,2,1,1,0
191,6,10,9,1
231,4,3,2,0
387,3,19,3,1
611,4,21,5,1
38,1,6,1,0
261,1,3,0,0
467,8,1,8,1
287,2,4,0,0
694,7,25,10,1
202,2,3,0,0
157,1,2,0,0
464,7,9,9,1
136,4,1,2,0
119,5,1,6,0
454,0,0,0,0
816,9,12,5,1
671,6,18,0,1
256,1,3,1,0
99,0,0,2,0
125,0,0,0,0
493,9,6,9,1
244,2,1,2,0
169,2,3,3,0
243,0,3,2,0
848,8,0,3,1
127,2,15,7,1
295,2,23,4,1
220,1,2,2,0
253,2,0,0,0
256,0,1,2,0
99,10,8,7,1
266,3,15,6,1
168,5,5,3,1
221,1,2,2,0
123,4,2,2,0
208,4,1,2,0
92,3,17,5,1
262,1,0,0,0
297,9,14,3,1
289,3,3,3,0
296,2,1,2,0
405,1,3,2,0
734,8,22,3,1
215,2,1,1,0
56,3,1,2,0
153,2,10,5,0
689,10,27,9,1
78,1,9,2,0
170,10,26,6,1
289,1,2,0,0
218,2,2,0,0
112,3,12,3,1
87,2,2,1,0
236,0,1,3,0
328,10,30,10,1
82,5,21,0,1
474,2,3,0,0
35,5,1,1,0
480,2,3,0,0
876,7,0,8,1
102,2,5,10,1
111,1,20,6,1
415,2,3,1,0
959,3,28,4,1
160,5,16,5,1
933,6,14,9,1
134,0,2,5,0
210,3,2,2,0
102,1,2,0,0
513,4,4,1,1
317,3,24,3,1
865,7,10,8,1
834,0,9,6,1
121,10,19,0,1
338,0,0,0,0
699,2,24,5,1
203,2,2,5,0
190,4,5,3,1
889,3,16,8,1
176,4,5,5,1
259,8,21,9,1
132,0,26,5,1
265,3,3,2,0
164,2,0,8,1
99,0,1,1,0
78,8,17,2,1
75,0,2,1,0
419,2,10,3,1
910,1,7,4,1
782,1,14,5,1
209,3,0,0,0
567,5,16,3,1
318,7,26,5,1
889,3,20,7,1
55,2,3,2,0
764,3,13,3,1
286,0,3,2,0
576,0,12,3,1
244,2,0,6,0
124,1,2,1,0
645,2,9,3,1
582,9,9,3,1
151,1,2,6,0
491,3,2,2,0
247,2,3,2,0
532,7,25,4,1
655,7,10,1,1
127,2,26,7,1
216,7,23,10,1
250,3,7,0,0
272,2,3,0,0
750,10,9,3,1
125,1,3,2,0
76,1,15,4,1
179,2,10,0,0
379,2,11,8,1
227,1,0,4,0
235,1,3,2,0
633,1,19,2,1
147,0,2,0,0
82,0,2,1,0
628,2,15,4,1
765,4,6,10,1
281,1,1,0,0
874,8,5,8,1
206,0,0,0,0
394,8,25,8,1
239,2,7,2,0
704,2,9,10,1
484,0,28,4,1
399,1,2,0,0
274,0,19,6,1
200,4,0,2,0
873,0,17,8,1
70,4,5,6,1
488,8,20,1,1
394,9,5,5,1
951,3,16,1,1
194,2,5,1,0
172,2,0,1,0
92,6,11,10,1
751,5,17,8,1
240,0,0,2,0
243,2,2,2,0
60,2,3,2,0
632,8,28,8,1
940,2,9,2,1
170,4,20,7,1
67,4,7,2,0
908,2,27,9,1
56,9,11,8,1
438,7,5,6,1
337,1,4,3,1
696,6,7,4,1
662,5,6,7,1
38,2,0,6,0
59,4,1,2,0
142,5,4,10,1
446,8,3,10,1
59,5,3,1,0
909,1,25,4,1
127,1,1,1,0
356,10,3,9,1
988,6,0,3,1
597,7,16,3,1
50,9,7,5,1
360,3,0,1,0
419,1,2,0,0
535,3,11,3,1
709,4,0,3,1
137,10,2,2,1
160,1,2,2,0
849,7,0,4,1
60,1,7,3,0
119,8,24,8,1
142,0,2,0,0
182,2,5,4,0
796,3,25,2,1
284,1,3,2,0
82,5,30,8,1
133,0,10,2,0
146,0,2,1,0
615,9,7,6,1
292,2,2,2,0
836,1,24,8,1
20,2,2,0,0
714,2,16,9,1
157,0,5,4,0
869,3,26,6,1
115,0,3,0,0
208,2,8,1,0
184,2,1,1,0
112,1,2,2,0
647,3,22,8,1
865,5,7,3,1
420,2,20,5,1
285,0,1,0,0
202,3,8,6,1
204,1,8,2,0
206,3,1,1,0
718,5,11,9,1
150,1,10,1,0
62,1,1,2,0
107,3,29,10,1
39,1,2,0,0
179,5,9,9,1
314,9,7,4,1
732,2,13,3,1
205,1,1,1,0
35,2,6,4,0
39,0,0,0,0
109,2,17,6,1
345,2,1,1,0
280,2,2,2,0
225,2,27,10,1
402,3,4,10,1
160,1,1,0,0
120,2,25,9,1
78,6,21,3,1
276,4,3,1,0
929,7,19,1,1
161,9,17,9,1
54,1,3,3,0
764,10,23,3,1
167,5,3,4,0
176,1,8,1,0
283,5,3,0,0
687,2,23,3,1
965,1,11,6,1
465,2,3,2,0
209,0,8,1,0
130,1,1,0,0
374,4,10,9,1
287,1,8,2,0
160,1,1,2,0
784,9,6,3,1
169,8,25,9,1
331,2,2,4,0
251,1,0,0,0
92,1,3,1,0
190,9,22,8,1
306,1,6,0,0
565,6,7,7,1
294,0,1,2,0
799,9,1,8,1
804,10,15,3,1
207,0,2,0,0
304,10,12,5,1
200,0,0,2,0
159,1,0,2,0
99,1,0,2,0
234,4,25,5,1
232,6,29,9,1
383,0,19,4,1
168,2,1,2,0
123,3,4,7,1
205,1,0,2,0
28,1,2,0,0
424,10,1,7,1
169,1,0,6,0
82,2,2,1,0
623,4,25,3,1
493,3,0,2,0
25,1,2,1,0
193,2,2,1,0
208,1,5,2,0
189,2,26,1,1
132,3,5,10,1
632,4,24,4,1
277,8,15,3,1
476,0,1,2,0
180,5,7,10,1
269,5,2,1,0
151,1,3,6,0
984,6,20,4,1
56,0,0,5,0
80,9,8,8,1
937,4,8,4,1
203,2,3,1,0
54,2,11,5,1
58,0,2,2,0
332,7,5,6,1
882,0,0,9,1
303,2,12,9,1
108,0,0,9,1
560,3,22,9,1
174,1,0,4,1
363,0,2,0,0
243,4,14,3,1
46,0,7,0,0
651,10,1,9,1
438,3,1,3,1
292,0,0,5,0
39,0,0,1,0
208,1,2,0,0
482,6,10,4,1
672,5,13,10,1
58,3,1,10,1
147,5,0,2,0
254,4,18,9,1
247,2,4,1,0
224,1,6,2,0
22,1,3,4,0
216,2,0,0,0
122,4,20,8,1
343,5,5,0,0
153,1,1,1,0
586,10,29,2,1
321,9,11,6,1
296,0,0,5,0
459,2,0,1,0
575,5,27,4,1
425,1,2,0,0
367,2,2,1,0
758,7,28,0,1
202,0,2,0,0
167,2,0,1,0
675,9,26,2,1
290,10,18,0,1
288,3,1,1,0
728,2,22,3,1
117,1,3,2,0
269,2,3,2,0
161,6,22,3,1
419,8,8,6,1
826,7,5,0,1
833,1,19,7,1
405,7,17,8,1
523,10,19,10,1
871,8,5,4,1
721,4,21,9,1
97,2,1,1,0
116,2,24,1,1
741,3,13,10,1
829,1,6,6,1
441,0,3,2,0
802,10,30,8,1
892,6,8,6,1
208,7,15,10,1
217,7,23,7,1
967,9,19,9,1
618,4,1,6,1
149,1,8,10,1
117,2,24,5,1
160,9,0,3,1
324,8,19,10,1
35,2,3,2,0
91,2,2,2,0
375,3,3,3,1
98,6,3,6,1
82,3,17,6,1
498,8,17,10,1
773,7,1,4,1
538,2,16,0,1
76,1,2,0,0
212,4,3,0,0
199,2,0,4,1
216,0,2,2,0
160,1,3,0,0
83,2,16,3,1
173,2,18,6,1
188,1,0,2,0
86,2,3,1,0
891,3,18,4,1
414,5,2,7,1
240,1,1,1,0
938,6,0,9,1
89,2,1,0,0
33,1,1,1,0
56,2,2,1,0
166,2,0,1,0
495,5,1,5,0
88,5,3,5,0
40,1,10,3,0
106,1,0,2,0
910,8,4,1,1
272,5,20,5,1
177,1,1,2,0
259,3,15,6,1
429,2,1,4,0
387,1,3,0,0
252,2,2,2,0
560,1,3,8,1
955,8,16,10,1
59,0,20,7,1
182,0,1,1,0
41,0,1,2,0
784,4,19,9,1
487,5,3,2,0
427,0,29,4,1
268,2,1,1,0
317,0,5,0,0
118,2,3,0,0
200,0,1,1,0
455,1,3,0,0
236,8,19,7,1
784,4,12,10,1
838,2,6,9,1
130,5,13,4,1
299,7,10,8,1
979,8,28,5,1
846,0,4,4,1
839,1,27,10,1
477,2,25,10,1
70,2,5,2,0
258,1,1,1,0
442,4,2,10,1
208,3,19,8,1
396,4,16,4,1
143,1,9,5,1
240,8,0,9,1
695,2,0,3,1
148,1,0,2,0
127,0,0,2,0
177,3,19,4,1
275,0,1,3,0
88,2,2,0,0
686,5,23,9,1
230,1,2,2,0
240,1,0,2,0
72,2,19,4,1
830,9,23,10,1
105,1,2,0,0
227,3,1,1,0
192,0,17,7,1
73,9,5,0,1
288,4,0,4,0
30,4,1,1,0
131,0,3,2,0
927,8,9,9,1
169,0,8,6,0
71,5,2,1,0
177,2,3,1,0
241,2,19,3,1
109,2,5,2,1
40,2,3,2,0
917,2,17,3,1
199,7,5,4,1
81,1,1,2,0
736,2,25,5,1
32,1,2,0,0
243,2,0,0,0
197,7,0,10,1
187,1,0,2,0
858,8,8,4,1
290,1,3,6,0
961,2,23,6,1
170,5,1,0,0
261,10,27,6,1
179,5,7,8,1
577,4,27,9,1
119,0,27,7,1
578,9,21,10,1
201,2,1,2,0
289,0,2,3,0
20,2,3,0,0
935,9,17,10,1
589,3,24,5,1
835,8,6,8,1
273,2,0,3,0
565,7,15,5,1
247,3,3,8,1
177,10,11,7,1
322,9,22,9,1
448,2,11,0,1
80,2,0,2,0
824,2,4,3,1
62,7,21,7,1
287,2,0,0,0
124,9,7,6,1
193,1,1,1,0
997,6,6,7,1
205,0,1,2,0
992,1,18,1,1
268,5,5,6,1
246,1,2,4,0
330,10,10,5,1
37,1,2,2,0
371,2,9,5,1
405,5,4,9,1
149,5,21,9,1
269,0,1,0,0
342,1,2,0,0
97,10,6,7,1
338,8,7,8,1
288,3,6,1,0
129,6,20,1,1
182,2,9,10,1
756,3,28,9,1
250,2,3,1,0
715,8,14,7,1
258,0,2,2,0
283,2,0,3,0
159,0,23,0,1
595,3,30,6,1
302,0,11,7,1
118,2,1,0,0
229,0,4,6,0
716,3,28,1,1
438,1,1,1,0
90,4,27,10,1
40,2,8,1,0
457,0,2,0,0
205,4,3,3,1
262,1,2,0,0
500,4,18,3,1
176,0,3,0,0
73,0,0,0,0
168,2,7,2,0
158,3,10,5,1
157,1,1,1,0
118,4,6,10,1
558,0,10,5,1
243,2,1,2,0
465,4,12,4,1
501,7,7,5,1
155,2,1,3,0
326,1,2,0,0
965,10,10,8,1
279,2,3,5,1
149,2,0,0,0
78,6,17,6,1
740,9,17,3,1
167,3,4,4,1
129,2,21,7,1
379,1,0,0,0
590,5,5,8,1
30,0,0,2,0
386,0,0,1,0
314,0,2,0,0
183,5,2,0,0
218,2,0,4,0
73,3,1,0,0
82,2,0,1,0
141,1,2,1,0
644,2,16,2,1
195,0,3,2,0
192,1,1,1,0
78,2,0,2,0
149,1,0,1,0
174,0,2,1,0
156,2,3,2,0
35,1,0,2,0
289,0,0,0,0
899,2,21,7,1
48,0,1,5,0
347,0,3,1,0
377,1,11,0,1
272,1,1,2,0
330,2,0,2,1
72,1,1,2,0
152,5,0,1,0
23,0,3,2,0
227,2,0,2,0
190,3,2,4,0
138,7,30,3,1
469,4,3,5,1
371,4,7,6,1
324,0,8,3,0
397,2,11,1,1
574,7,0,10,1
127,2,30,4,1
48,5,9,1,0
288,2,2,2,0
858,6,1,4,1
681,7,22,1,1
383,8,0,0,1
113,2,9,2,0
140,0,2,1,0
60,1,3,0,0
72,2,17,1,1
808,5,4,4,1
955,5,11,5,1
29,1,2,1,0
753,8,11,8,1
333,4,3,3,1
531,3,17,7,1
200,1,5,1,0
177,0,0,0,0
759,2,1,2,1
489,1,4,5,1
111,1,3,1,0
254,8,5,5,1
183,9,5,9,1
81,6,3,2,1
253,0,3,0,0
925,6,5,10,1
938,9,6,3,1
367,3,2,2,0
585,9,9,0,1
596,2,6,2,1
152,0,10,2,0
636,9,9,6,1
497,3,5,7,1
812,9,13,7,1
408,2,21,0,1
161,0,1,2,0
820,10,5,9,1
473,1,0,1,0
610,1,8,7,1
551,0,21,8,1
239,1,1,2,0
510,2,27,3,1
65,6,16,10,1
305,2,6,10,1
200,2,1,2,0
251,2,2,2,0
100,1,0,1,0
927,1,21,5,1
151,0,4,2,0
959,9,28,10,1
61,8,7,4,1
592,7,3,3,1
400,0,10,0,0
211,1,0,2,0
496,2,2,2,0
454,2,0,5,0
159,0,1,2,0
297,5,2,0,0
503,10,13,3,1
372,8,6,9,1
182,2,5,2,0
97,0,0,0,0
46,0,3,2,0
237,0,6,0,0
47,2,0,2,0
115,10,29,8,1
174,4,0,1,0
138,5,14,0,1
152,3,20,2,1
482,2,0,2,0
165,0,20,4,1
739,3,5,1,1
301,1,21,3,1
543,1,4,10,1
133,3,20,1,1
678,3,22,3,1
145,1,2,0,0
51,2,24,3,1
255,10,7,10,1
565,10,14,10,1
89,1,3,2,0
45,0,4,1,0
200,3,2,0,0
605,7,16,7,1
257,1,10,1,0
803,0,16,5,1
295,2,1,1,0
637,5,8,10,1
197,0,1,2,0
870,3,20,3,1
443,1,28,6,1
260,3,2,1,0
192,1,3,0,0
198,1,3,0,0
81,10,0,8,1
269,0,7,0,0
36,3,0,2,0
163,6,23,3,1
850,2,7,9,1
707,9,17,8,1
178,0,8,2,0
244,3,1,2,0
88,1,5,1,0
120,1,5,0,0
332,10,13,1,1
767,5,4,6,1
521,1,5,9,1
259,1,0,2,0
698,8,14,0,1
673,1,19,3,1
141,1,1,1,0
130,3,13,5,1
274,2,2,5,1
615,7,7,7,1
173,1,2,1,0
153,2,0,4,0
990,3,24,7,1
220,2,1,1,0
297,1,8,2,0
247,2,2,0,0
159,5,0,2,0
26,2,1,2,0
841,4,15,9,1
80,0,2,2,0
58,2,2,6,0
156,1,0,1,0
84,2,1,2,0
113,0,6,6,0
70,2,3,0,0
195,1,0,0,0
382,5,4,9,1
423,10,5,6,1
251,1,1,0,0
25,0,2,0,0
242,4,0,1,0
422,5,1,0,0
273,2,0,0,0
524,2,11,4,1
891,9,28,0,1
136,2,0,5,0
452,3,2,0,1
355,5,13,4,1
243,1,1,0,0
158,2,21,1,1
126,1,3,0,0
724,6,0,10,1
700,6,22,4,1
89,1,2,1,0
446,1,0,2,0
928,9,5,4,1
730,4,15,0,1
164,7,10,6,1
77,7,4,1,1
333,10,13,6,1
621,10,28,2,1
255,2,0,0,0
273,0,0,2,0
637,8,26,10,1
134,1,1,3,0
295,2,1,3,0
426,1,0,0,0
189,5,5,7,1
458,7,16,8,1
121,6,20,9,1
137,2,0,0,0
935,9,8,3,1
233,0,3,2,0
78,2,3,2,0
78,0,7,1,0
341,4,8,2,0
475,0,0,2,0
219,2,9,2,0
223,0,0,1,0
271,1,9,0,0
750,2,13,6,1
93,9,22,1,1
227,2,4,1,0
283,0,2,2,0
665,8,6,5,1
59,2,13,9,1
153,4,3,2,0
191,6,19,8,1
79,2,3,6,0
474,8,23,6,1
495,0,2,6,0
281,2,4,6,1
178,2,1,2,0
284,2,3,4,0
281,1,2,0,0
109,3,2,0,1
59,0,1,2,0
68,0,0,2,0
83,1,0,0,0
816,0,28,10,1
477,10,15,8,1
343,0,2,1,0
194,0,3,1,0
224,1,1,3,0
212,3,7,0,0
89,4,29,3,1
123,3,5,4,1
944,10,15,6,1
190,10,1,4,1
76,2,2,2,0
158,6,20,10,1
111,2,0,2,0
143,6,20,3,1
247,1,7,6,1
232,1,0,1,0
495,10,30,10,1
165,0,2,0,0
218,4,3,1,0
503,5,20,6,1
134,4,29,7,1
212,2,3,1,0
299,5,27,10,1
739,5,5,5,1
87,0,3,2,0
114,4,2,1,0
150,0,10,0,0
775,5,12,2,1
38,1,0,1,0
291,1,2,4,0
252,2,26,6,1
611,4,22,4,1
971,10,19,4,1
78,3,3,9,1
482,2,1,2,0
638,9,1,6,1
47,0,0,1,0
59,1,3,2,0
665,6,23,2,1
106,7,11,1,1
182,4,7,8,1
73,2,2,0,0
912,2,3,5,1
270,2,2,2,0
875,8,9,0,1
214,0,3,1,0
129,1,3,4,0
269,0,15,5,1
231,9,22,5,1
642,5,6,6,1
81,10,24,4,1
83,4,2,0,0
72,2,1,2,0
159,2,2,1,0
292,0,4,0,0
533,1,30,5,1
29,1,1,1,0
188,3,5,4,1
129,2,0,1,0
988,8,16,2,1
97,8,9,4,1
844,10,8,1,1
148,2,15,3,1
220,1,0,0,0
213,1,3,0,0
155,2,1,1,0
151,4,10,1,0
823,4,7,10,1
172,0,0,6,0
395,0,0,3,0
257,1,8,0,0
190,3,3,2,0
66,2,14,5,1
724,5,3,5,1
142,2,10,3,1
168,4,6,0,1
221,7,1,6,1
107,4,18,8,1
54,1,6,0,0
155,2,8,1,0
272,1,3,0,0
95,5,1,0,0
59,1,0,1,0
719,9,2,8,1
83,10,23,10,1
959,3,13,10,1
98,2,3,1,0
273,2,3,2,0
277,2,1,2,0
206,0,0,4,0
408,1,0,1,0
158,2,4,1,0
640,2,29,7,1
351,1,0,0,0
283,1,1,1,0
126,4,1,7,1
273,4,6,8,1
652,5,3,3,1
501,2,9,8,1
951,0,14,5,1
470,1,18,9,1
106,8,17,3,1
54,2,3,2,0
545,5,23,10,1
434,8,20,9,1
170,2,11,10,1
57,0,1,1,0
299,9,2,3,1
382,4,1,6,0
143,4,0,8,1
178,1,2,2,0
74,0,2,0,0
180,7,21,4,1
220,0,2,2,0
589,10,8,8,1
119,0,3,1,0
772,4,14,2,1
195,5,23,2,1
97,2,2,0,0
68,8,2,8,1
174,0,3,6,0
172,2,0,4,1
993,3,29,3,1
152,2,23,10,1
276,8,14,6,1
61,2,2,3,0
283,0,0,1,0
873,2,16,7,1
363,2,0,0,0
80,3,1,0,0
197,2,10,4,1
431,6,20,10,1
170,2,2,2,0
297,10,22,7,1
48,2,9,1,0
65,1,5,2,0
184,5,27,10,1
80,0,2,6,0
157,0,23,8,1
85,2,0,2,0
452,5,24,3,1
842,2,23,0,1
399,5,23,5,1
640,9,15,8,1
735,7,30,1,1
646,4,25,9,1
274,2,2,2,0
242,0,3,0,0
471,6,5,5,1
599,4,15,10,1
540,6,8,8,1
221,1,5,2,0
247,1,3,0,0
213,0,1,5,1
51,0,2,2,0
190,2,0,1,0
770,9,0,7,1
113,4,0,0,0
271,1,3,6,0
166,9,29,7,1
70,9,17,1,1
897,9,23,10,1
240,0,3,5,0
234,1,0,2,0
170,1,2,0,0
656,7,29,5,1
143,8,30,6,1
443,0,3,1,0
349,10,25,6,1
50,0,1,0,0
92,2,5,1,1
485,1,2,1,0
242,0,1,1,0
73,8,11,9,1
275,1,1,2,0
28,1,2,2,0
629,9,21,1,1
196,10,1,8,1
165,0,1,1,0
217,8,0,10,1
905,4,5,8,1
194,3,19,3,1
130,7,2,6,1
276,5,27,2,1
140,2,20,3,1
677,7,28,7,1
158,9,25,9,1
337,0,9,0,0
158,2,2,1,0
107,2,0,2,0
250,1,3,2,0
128,4,2,5,0
174,1,3,2,0
990,4,2,3,1
73,1,1,2,0
368,1,4,1,0
891,8,10,3,1
214,3,2,1,0
451,2,19,3,1
457,6,26,10,1
170,2,9,10,1
159,3,0,2,0
725,8,3,9,1
94,0,1,2,0
289,0,0,0,0
180,10,23,6,1
182,1,0,0,0
160,2,1,2,0
392,0,19,1,1
347,9,8,0,1
579,9,17,7,1
255,1,1,0,0
21,0,1,1,0
384,1,12,6,1
956,9,10,10,1
300,1,1,5,0
143,4,5,4,1
971,0,13,3,1
718,7,26,3,1
45,2,3,4,0
438,8,26,8,1
256,3,23,4,1
121,0,27,4,1
676,5,24,5,1
616,7,5,4,1
114,0,8,1,0
213,0,0,4,0
973,5,21,8,1
759,5,2,5,1
123,0,3,0,0
132,5,3,1,0
196,1,1,2,0
55,4,10,10,1
268,0,2,2,0
217,5,0,1,0
125,1,0,0,0
292,0,1,0,0
811,8,27,10,1
209,4,2,4,1
237,0,7,2,0
430,7,5,9,1
220,5,3,1,0
156,0,0,2,0
252,2,0,0,0
69,3,29,3,1
613,2,13,5,1
161,5,27,6,1
140,1,3,4,0
740,8,14,6,1
245,1,5,5,1
270,2,1,1,0
244,2,0,1,0
296,2,3,1,0
139,1,0,3,0
102,6,19,7,1
481,7,6,4,1
383,1,1,0,0
106,1,0,0,0
170,2,0,0,0
139,0,3,1,0
694,5,24,4,1
749,1,4,3,1
456,3,11,10,1
743,7,19,5,1
638,10,20,2,1
785,4,22,6,1
164,1,2,5,0
790,9,13,1,1
153,0,3,2,0
847,4,19,7,1
427,1,1,5,0
785,5,17,4,1
769,3,2,6,1
139,3,21,4,1
383,4,2,2,0
814,7,7,7,1
457,2,1,2,0
137,2,16,8,1
614,9,21,4,1
466,2,1,0,0
188,2,22,6,1
166,4,1,2,0
134,5,3,10,1
553,3,9,10,1
695,3,25,10,1
139,6,3,7,1
90,2,8,1,0
657,1,17,3,1
515,3,2,3,1
193,6,1,8,1
61,3,0,6,1
205,0,2,1,0
78,2,3,2,0
859,8,15,0,1
261,1,2,2,0
355,1,27,6,1
885,3,14,5,1
269,0,0,0,0
130,8,18,8,1
220,4,3,1,0
220,2,1,1,0
335,2,1,1,0
297,2,13,7,1
774,2,14,7,1
714,3,28,6,1
228,1,0,0,0
321,6,23,8,1
273,2,10,2,0
926,0,20,8,1
285,0,0,2,0
640,4,2,0,1
776,7,28,7,1
311,2,23,9,1
62,1,1,0,0
94,1,2,2,0
174,0,24,4,1
631,2,30,4,1
413,1,6,1,0
911,3,18,8,1
959,5,21,5,1
318,2,3,0,0
888,2,4,3,1
118,1,1,2,0
73,4,3,0,0
35,2,3,0,0
606,2,21,0,1
277,1,2,4,0
355,1,15,5,1
104,2,3,0,0
157,2,16,10,1
937,3,20,4,1
821,8,7,7,1
219,1,8,0,0
169,2,0,2,0
150,0,1,1,0
288,5,3,0,0
21,0,2,4,0
330,1,3,3,1
231,4,2,2,0
224,5,7,0,0
731,4,12,10,1
184,0,1,3,0
74,1,0,2,0
275,2,3,0,0
164,10,12,9,1
170,5,21,6,1
231,2,0,2,0
171,0,3,1,0
41,2,0,2,0
202,1,3,0,0
186,8,1,7,1
92,0,3,0,0
259,2,0,2,0
267,2,1,0,0
189,0,3,1,0
184,0,18,5,1
33,1,3,1,0
214,0,2,3,0
532,9,15,10,1
852,3,11,6,1
1000,0,30,6,1
285,2,6,2,0
288,0,3,1,0
395,5,3,10,1
40,2,1,1,0
892,7,3,4,1
184,1,2,0,0
751,6,1,9,1
294,2,3,0,0
122,2,3,2,0
483,6,21,10,1
241,4,5,6,1
743,6,7,0,1
735,5,20,5,1
894,4,11,2,1
901,3,28,6,1
286,1,1,0,0
202,0,2,0,0
283,4,2,2,0
204,0,3,1,0
381,5,3,2,0
235,10,5,2,1
689,10,21,1,1
411,1,3,2,0
388,1,9,8,1
108,6,9,2,1
630,5,5,4,1
97,0,3,0,0
78,0,1,2,0
465,6,12,6,1
445,1,2,1,0
202,1,1,2,0
166,2,5,4,1
167,0,8,1,0
78,2,0,1,0
754,2,12,5,1
636,7,21,7,1
183,8,13,9,1
92,0,3,1,0
248,10,3,3,1
49,2,3,2,0
141,0,12,4,1
180,1,2,0,0
523,7,18,7,1
101,0,1,1,0
168,4,13,2,1
647,7,22,9,1
71,2,0,2,0
744,6,2,3,1
47,1,1,0,0
162,3,3,5,0
293,10,19,2,1
393,5,1,1,0
860,5,16,6,1
641,10,14,3,1
106,5,3,1,0
391,2,2,6,0
310,9,16,1,1
220,9,24,2,1
185,3,3,3,0
344,9,1,1,1
173,2,3,0,0
144,5,29,6,1
90,2,21,6,1
181,2,3,1,0
632,0,24,4,1
885,1,25,4,1
174,1,2,2,0
719,4,5,5,1
620,6,8,0,1
638,6,21,1,1
135,5,3,0,0
361,3,14,10,1
106,1,1,0,0
194,8,5,8,1
720,5,12,2,1
75,3,7,6,1
33,2,1,1,0
299,0,8,0,0
961,7,1,4,1
517,6,6,7,1
31,5,1,6,0
505,5,7,10,1
84,2,0,3,1
766,10,11,10,1
567,3,1,9,1
195,9,0,8,1
204,1,1,3,0
369,2,4,6,0
633,8,19,7,1
547,1,14,3,1
603,10,11,3,1
239,2,1,4,0
728,6,5,9,1
402,1,1,1,0
185,5,3,2,0
253,0,3,1,0
82,1,3,2,0
269,2,0,5,0
142,0,0,2,0
107,0,2,0,0
69,4,1,3,0
137,4,2,0,0
91,0,3,0,0
587,6,1,10,1
177,2,2,1,0
103,2,25,7,1
134,2,22,9,1
259,2,7,7,1
143,0,5,8,1
536,0,13,6,1
183,0,2,0,0
56,10,2,4,1
553,1,6,3,1
146,0,1,2,0
882,1,18,9,1
734,3,22,8,1
953,10,29,7,1
781,10,3,0,1
234,2,2,1,0
757,8,0,6,1
296,1,0,1,0
867,1,3,4,1
132,3,23,3,1
857,7,6,9,1
843,10,3,5,1
245,0,1,2,0
89,4,2,2,0
337,9,25,4,1
145,2,2,0,0
208,0,3,3,0
955,6,10,8,1
42,1,3,1,0
97,2,2,2,0
110,9,12,0,1
186,5,5,9,1
32,0,2,1,0
896,3,17,8,1
127,0,2,2,0
50,0,3,4,1
241,2,0,2,0
376,0,7,5,1
196,4,2,3,0
238,2,2,5,0
396,4,11,7,1
112,1,2,0,0
892,7,24,8,1
210,3,5,9,1
127,5,23,10,1
658,6,27,10,1
299,1,2,0,0
569,10,30,8,1
85,5,1,1,0
148,2,3,2,0
468,1,4,1,0
73,0,3,1,0
52,0,2,2,0
742,6,23,6,1
114,8,6,9,1
257,2,1,0,0
368,2,16,2,1
247,8,8,8,1
112,1,0,6,0
80,2,3,0,0
277,2,8,1,0
83,1,1,0,0
88,0,1,1,0
158,3,0,1,0
207,0,9,1,0
686,8,14,10,1
299,2,6,7,1
131,5,10,2,1
836,3,6,3,1
938,5,30,7,1
213,0,0,2,0
186,1,4,2,0
118,5,30,7,1
827,0,26,2,1
170,0,2,1,0
816,2,1,2,1
897,8,25,2,1
545,10,7,0,1
943,10,24,9,1
188,2,1,2,0
198,7,22,8,1
143,5,26,4,1
151,2,3,6,0
846,3,22,7,1
933,2,7,3,1
29,4,2,0,0
213,2,3,3,0
82,2,3,2,0
176,8,24,1,1
302,6,21,8,1
404,5,10,1,1
205,0,0,1,0
178,7,19,9,1
608,4,29,2,1
51,2,1,0,0
65,2,8,0,0
489,5,28,0,1
291,1,3,1,0
41,0,3,2,0
276,1,7,2,0
948,8,2,8,1
189,1,2,1,0
163,0,3,4,0
198,3,22,10,1
768,7,19,3,1
960,1,5,3,1
131,7,20,10,1
158,0,0,5,0
195,7,17,5,1
115,1,3,1,0
158,1,10,1,0
260,2,10,2,0
237,0,3,2,0
818,4,11,4,1
275,2,0,2,0
888,2,10,0,1
87,3,0,2,0
738,3,2,8,1
141,1,0,3,1
300,0,1,1,0
82,5,2,2,0
133,0,2,0,0
290,1,7,1,0
167,2,17,6,1
60,1,0,0,0
128,2,2,2,0
153,5,0,0,0
93,2,1,2,0
28,1,2,2,0
228,2,8,6,0
170,6,25,1,1
274,1,1,0,0
140,2,0,1,0
235,0,0,1,0
154,3,27,0,1
758,2,21,3,1
152,1,3,2,0
166,0,0,2,0
791,2,30,1,1
206,0,2,0,0
216,1,1,2,0
506,4,12,7,1
910,7,24,4,1
475,4,15,8,1
843,5,8,5,1
204,3,1,2,0
610,8,20,5,1
293,1,3,0,0
149,2,8,0,0
64,3,27,3,1
244,2,0,0,0
791,3,22,7,1
102,2,0,0,0
178,2,0,2,0
504,8,6,4,1
577,9,11,8,1
279,2,2,5,0
240,1,1,1,0
199,2,8,2,0
250,4,19,5,1
388,7,24,2,1
172,2,1,1,0
248,4,10,1,0
118,9,10,5,1
275,0,8,4,0
218,1,7,3,0
162,7,30,10,1
137,3,3,2,0
246,4,1,0,0
777,3,28,3,1
292,1,0,1,0
409,5,16,2,1
980,2,9,9,1
350,7,22,7,1
262,0,3,0,0
184,3,2,2,0
83,2,0,0,0
236,1,10,2,0
335,2,1,10,1
139,1,0,1,0
161,1,3,1,0
202,1,1,1,0
105,1,2,2,0
146,2,10,2,0
257,0,2,0,0
897,4,8,3,1
453,1,0,1,0
238,3,11,9,1
270,4,1,1,0
758,10,26,0,1
241,1,5,1,0
489,2,26,8,1
138,7,28,4,1
694,2,16,7,1
54,4,3,1,0
85,9,7,3,1
301,1,9,2,0
196,0,1,0,0
324,1,10,3,1
489,6,15,6,1
122,0,8,1,1
105,1,3,5,0
128,2,1,3,1
242,1,0,0,0
906,7,6,1,1
807,7,3,7,1
124,2,29,5,1
100,1,1,1,0
201,1,0,2,0
278,7,18,10,1
290,8,6,7,1
748,3,22,3,1
83,0,3,2,0
395,1,3,4,0
135,0,3,0,1
209,1,2,2,0
124,1,9,0,0
543,10,9,8,1
257,0,2,2,0
81,1,8,0,0
839,6,0,8,1
200,2,3,0,0
199,2,2,0,0
208,0,0,0,0
909,9,12,7,1
294,2,3,5,0
531,3,25,3,1
177,2,3,0,0
401,0,1,0,0
558,3,5,0,1
273,0,1,2,0
82,3,26,9,1
625,3,2,10,1
849,1,10,0,1
551,3,29,6,1
22,2,0,2,0
149,3,5,10,1
221,0,2,1,0
504,3,0,10,1
93,4,0,6,0
288,10,21,3,1
716,0,2,6,1
370,1,1,0,0
83,1,0,0,0
21,0,1,2,0
312,3,3,2,0
66,0,0,1,0
590,2,30,8,1
891,8,5,2,1
274,4,3,4,0
178,2,1,2,0
235,8,2,3,1
242,1,1,3,0
110,1,2,5,0
196,0,3,4,0
216,0,8,2,0
62,10,1,9,1
211,1,9,0,0
106,7,8,3,1
172,3,1,1,0
596,9,29,7,1
129,3,14,3,1
226,0,2,2,0
249,0,2,4,0
28,0,1,0,0
629,9,7,2,1
140,0,3,2,0
235,0,1,3,0
306,5,8,0,0
226,5,8,2,0
912,10,5,0,1
655,1,28,3,1
429,1,2,2,0
223,7,21,3,1
286,3,2,2,0
274,1,3,1,0
941,9,8,0,1
232,2,4,2,0
188,1,7,0,0
969,4,26,6,1
123,2,2,0,0
623,3,15,10,1
431,1,1,2,0
46,2,1,0,0
768,5,18,3,1
32,4,3,2,0
909,4,25,4,1
108,4,3,0,0
82,10,8,0,1
173,5,1,2,0
212,9,6,8,1
249,5,2,2,0
147,2,21,5,1
473,4,12,9,1
547,3,2,3,1
328,1,2,1,0
217,2,1,2,0
177,4,3,5,0
277,2,1,1,0
366,2,1,1,0
335,8,20,1,1
350,6,1,7,1
558,6,0,10,1
138,0,4,1,0
429,1,3,4,0
134,9,11,1,1
64,0,2,0,0
51,7,9,9,1
515,7,29,2,1
119,0,3,1,0
183,2,0,1,0
51,1,1,0,0
232,1,2,0,0
71,1,24,9,1
731,3,13,7,1
142,9,8,8,1
208,2,1,1,0
60,0,0,0,0
197,3,3,2,0
186,0,4,0,0
601,7,3,5,1
670,2,16,2,1
125,1,27,4,1
161,8,26,9,1
187,4,28,9,1
139,5,0,1,0
754,9,24,4,1
92,3,29,10,1
124,4,1,5,1
794,2,6,9,1
97,7,4,6,1
126,2,1,2,0
129,2,1,1,0
168,3,6,0,1
427,2,2,1,0
46,1,0,2,0
699,7,7,6,1
241,0,0,3,0
210,0,1,1,0
229,1,3,2,0
528,4,17,7,1
536,9,5,10,1
161,3,3,0,0
96,2,0,1,0
381,4,6,2,0
975,5,27,5,1
232,2,30,6,1
255,1,2,0,0
567,1,16,4,1
322,9,2,10,1
233,0,0,1,0
439,5,7,7,1
409,10,25,4,1
210,0,0,4,0
138,0,10,9,1
179,0,1,2,0
55,0,6,2,0
278,10,11,6,1
138,0,0,2,0
201,2,9,2,0
935,5,18,9,1
345,0,1,1,0
602,10,16,6,1
140,1,5,4,0
174,1,4,2,0
165,2,3,0,0
21,1,7,3,0
292,2,0,5,0
131,0,10,4,1
206,5,3,1,0
63,1,0,2,0
173,1,7,2,1
170,6,27,7,1
44,0,3,4,0
266,1,3,0,0
140,8,26,8,1
818,4,7,5,1
140,3,24,8,1
133,4,23,3,1
184,2,0,6,0
121,7,29,3,1
221,0,6,1,0
629,4,8,3,1
133,1,5,0,0
279,6,10,7,1
243,2,2,4,0
252,1,2,2,0
941,5,16,4,1
117,2,0,2,0
975,8,20,5,1
53,3,8,4,1
264,1,2,2,0
225,2,1,2,0
136,0,1,2,0
871,8,6,6,1
197,6,14,4,1
169,1,2,6,0
165,2,3,5,0
87,1,3,1,0
679,10,7,6,1
420,2,0,1,0
376,4,30,10,1
261,1,3,0,0
258,2,1,4,1
170,5,1,0,0
277,3,0,1,0
31,0,3,1,0
271,1,0,2,0
860,6,26,8,1
37,0,1,2,0
470,1,3,1,0
657,2,4,3,1
596,1,3,5,1
176,0,7,6,0
371,3,8,6,0
79,0,8,6,0
825,3,22,10,1
908,2,29,9,1
878,5,4,5,1
256,2,3,1,0
81,0,9,1,0
456,7,24,9,1
101,1,7,7,1
102,2,0,2,0
86,0,5,0,0
422,5,23,7,1
333,2,2,4,0
32,0,3,1,0
622,9,22,7,1
76,0,2,2,0
344,8,14,4,1
217,1,2,1,0
55,2,10,5,0
67,1,3,1,0
529,5,9,7,1
231,0,1,2,0
179,2,3,0,0
217,8,24,2,1
297,0,2,2,0
718,6,8,4,1
193,0,0,2,0
82,6,22,1,1
269,4,1,2,0
202,1,1,2,0
140,8,25,7,1
79,0,2,0,0
304,1,6,2,0
142,5,4,2,1
744,10,3,7,1
294,4,15,9,1
239,1,3,6,0
33,2,2,2,0
52,3,0,2,0
189,4,2,0,0
89,4,26,4,1
364,0,1,0,0
275,2,0,0,0
291,9,22,6,1
45,2,1,5,0
922,6,7,10,1
418,1,1,2,0
183,4,2,3,0
850,6,4,3,1
830,8,5,10,1
101,3,0,1,1
167,5,1,1,0
167,2,0,2,0
94,1,2,0,0
94,3,2,2,0
732,0,5,7,1
710,0,26,4,1
72,2,3,2,0
649,7,11,0,1
204,2,3,0,0
540,8,0,8,1
723,7,13,10,1
171,1,3,1,0
254,5,3,2,0
30,2,1,0,0
289,9,4,10,1
491,1,10,3,0
187,2,0,2,0
470,3,5,5,1
79,2,8,5,0
50,1,3,0,0
184,8,2,6,1
130,8,10,3,1
67,8,23,7,1
87,10,9,8,1
144,0,2,2,0
416,2,0,4,0
546,0,22,7,1
849,2,8,1,1
316,8,22,4,1
493,3,1,4,0
268,0,0,2,0
66,1,1,1,0
206,1,1,2,0
148,3,0,1,0
153,1,2,0,0
375,3,23,9,1
263,1,3,1,0
127,3,24,5,1
231,0,4,2,0
73,5,0,3,1
96,1,2,6,0
200,5,3,2,0
870,7,1,10,1
210,2,1,0,0
308,0,2,2,0
258,1,3,1,0
182,2,0,5,0
958,2,19,4,1
368,2,26,9,1
454,4,15,2,1
405,0,5,2,1
36,2,1,3,0
449,2,0,8,1
410,0,0,2,0
197,2,3,5,0
653,9,30,9,1
290,1,0,0,0
336,3,27,0,1
525,3,20,1,1
153,3,30,3,1
275,0,1,0,0
449,1,3,1,0
475,2,1,1,0
182,2,26,10,1
380,2,5,2,0
786,4,6,5,1
892,5,6,5,1
101,5,0,8,1
552,0,13,4,1
111,1,1,1,0
161,2,1,1,0
181,1,3,0,0
246,5,9,3,1
130,2,0,2,0
96,7,5,10,1
75,1,4,0,0
30,0,1,1,0
291,2,2,4,0
244,2,1,7,1
65,1,2,1,0
935,5,28,6,1
405,1,1,2,0
212,9,26,7,1
123,1,3,1,0
245,5,6,7,1
236,1,0,2,0
221,1,2,0,0
86,0,0,1,0
867,2,1,8,1
213,2,8,1,0
546,10,10,3,1
198,1,3,9,1
194,1,4,5,0
429,2,1,2,0
45,0,2,0,0
997,0,6,6,1
33,2,0,5,0
363,5,11,5,1
62,2,27,8,1
329,3,1,2,0
127,9,2,7,1
101,9,16,3,1
513,5,21,8,1
447,10,5,4,1
297,2,1,2,0
106,0,1,3,0
618,6,20,10,1
99,2,2,2,0
270,1,3,4,0
27,2,2,0,0
947,8,23,4,1
148,2,7,1,0
480,3,11,1,1
157,2,13,5,1
898,9,8,4,1
572,0,5,5,1
908,5,4,8,1
379,3,14,10,1
50,2,23,7,1
371,0,1,3,1
682,3,13,10,1
125,1,0,2,0
302,2,1,0,0
158,6,19,1,1
231,8,6,7,1
163,0,10,2,0
153,0,3,1,0
259,10,20,7,1
195,2,28,3,1
185,4,26,2,1
760,10,9,7,1
515,3,14,10,1
245,0,2,3,0
53,0,2,4,0
131,8,10,3,1
60,0,2,1,0
362,8,23,8,1
126,1,2,1,0
735,7,16,2,1
179,0,3,0,0
809,2,5,6,1
936,3,29,4,1
278,2,3,0,0
748,10,17,1,1
391,4,22,4,1
119,0,2,0,0
902,7,9,1,1
879,0,12,1,1
178,2,5,3,1
122,4,0,4,0
157,2,0,2,0
62,0,1,1,0
824,2,20,4,1
54,0,3,1,0
853,2,25,1,1
265,2,1,0,0
301,10,30,3,1
794,2,11,9,1
672,5,23,4,1
240,1,1,1,0
188,0,1,0,0
452,3,14,4,1
117,2,3,4,0
39,0,4,0,0
25,0,2,0,0
935,8,12,5,1
88,2,18,8,1
375,2,0,0,0
215,0,0,0,0
206,4,20,6,1
792,2,18,3,1
138,2,28,7,1
54,2,0,0,0
560,9,11,0,1
243,1,3,0,0
237,1,0,1,0
400,3,29,8,1
185,0,3,0,0
217,2,10,0,0
850,6,22,10,1
123,9,2,3,1
58,1,3,1,0
431,1,18,10,1
60,6,7,8,1
256,2,3,2,0
141,7,19,3,1
184,10,24,9,1
165,3,4,0,0
186,2,5,6,1
879,8,19,6,1
79,1,0,2,0
116,10,25,7,1
553,4,25,4,1
640,3,16,2,1
185,2,1,1,0
665,9,15,8,1
552,4,23,9,1
468,7,20,0,1
197,9,6,3,1
368,1,13,4,1
110,0,3,1,0
277,1,6,4,1
110,4,29,8,1
274,0,3,1,0
364,10,24,8,1
188,0,0,1,0
30,0,2,4,0
208,5,3,0,0
522,9,16,10,1
182,1,0,1,0
162,4,1,4,0
277,2,0,5,0
261,2,2,2,0
211,1,0,5,0
139,8,2,0,1
50,10,4,6,1
434,0,1,4,0
211,5,3,1,0
243,1,3,2,0
693,9,26,2,1
393,8,10,3,1
479,2,2,5,0
979,5,1,7,1
222,2,0,0,0
253,2,3,2,0
233,3,26,5,1
923,4,22,6,1
389,2,18,5,1
272,0,3,0,0
688,9,28,9,1
352,5,23,4,1
468,9,12,7,1
99,2,21,7,1
167,5,3,1,0
64,0,0,2,0
301,9,6,7,1
128,1,24,1,1
534,3,6,0,1
97,2,29,10,1
112,7,6,5,1
252,0,2,4,0
230,3,14,7,1
759,8,11,8,1
138,2,3,7,1
930,4,13,3,1
657,9,29,3,1
819,3,28,0,1
64,9,21,5,1
479,1,0,1,0
180,3,30,5,1
868,10,16,5,1
211,4,1,0,0
198,3,19,4,1
201,0,7,2,0
208,2,1,0,0
57,0,1,2,0
222,3,26,9,1
493,4,30,2,1
214,2,0,6,0
160,2,2,0,0
62,1,18,2,1
98,2,0,3,0
219,0,2,1,0
259,0,0,1,0
339,2,1,2,0
327,7,0,9,1
162,1,1,3,0
265,2,6,6,0
972,8,1,8,1
90,8,23,6,1
331,2,1,1,0
245,1,3,1,0
418,1,21,6,1
95,1,3,1,0
593,4,20,3,1
184,2,3,1,0
881,2,15,6,1
218,1,3,2,0
136,1,3,5,0
122,2,2,2,0
37,0,2,0,0
169,0,4,1,0
880,5,22,5,1
143,4,21,2,1
198,3,3,2,0
193,2,0,0,0
454,2,3,5,0
286,1,7,4,0
449,5,26,4,1
616,3,8,7,1
538,3,20,5,1
549,1,18,7,1
270,2,5,2,1
259,1,3,0,0
165,1,3,2,0
967,3,28,3,1
170,2,2,2,0
290,0,1,1,0
301,10,3,6,1
197,0,1,6,0
27,1,2,2,0
132,0,10,0,0
119,10,13,5,1
239,1,0,2,0
795,5,14,1,1
710,9,14,0,1
165,4,3,1,0
269,3,0,2,0
92,1,7,0,0
623,8,10,2,1
185,1,2,2,0
133,0,20,6,1
175,5,6,9,1
318,9,12,0,1
473,10,11,4,1
540,7,28,10,1
113,0,2,4,0
263,1,0,2,0
797,9,9,6,1
222,1,2,0,0
246,1,7,0,0
417,4,4,8,1
837,7,26,3,1
204,2,2,2,0
21,0,2,1,0
172,2,2,2,0
181,8,6,6,1
534,7,21,6,1
164,2,26,10,1
519,6,5,10,1
109,2,10,0,1
247,0,1,4,0
192,3,16,3,1
159,0,2,1,0
745,2,10,8,1
167,2,12,7,1
432,2,2,4,0
47,1,8,1,0
67,7,22,9,1
100,3,27,10,1
279,5,2,2,0
166,1,2,4,0
944,3,23,7,1
757,9,30,3,1
119,4,4,3,1
204,2,1,2,0
52,2,2,2,0
21,0,1,1,0
46,2,3,1,0
118,9,13,10,1
720,5,9,3,1
240,0,2,0,0
186,10,28,6,1
43,2,1,1,0
825,6,21,8,1
943,10,7,7,1
197,0,0,1,0
163,1,0,1,0
832,4,16,1,1
706,0,17,6,1
211,1,0,0,0
404,1,2,6,0
167,0,9,1,0
121,3,3,5,1
226,3,19,4,1
106,8,3,6,1
188,2,9,3,0
364,10,11,1,1
130,1,2,2,0
340,2,9,8,1
244,1,0,0,0
237,3,0,6,0
441,7,27,1,1
133,1,2,2,0
264,0,0,2,0
827,1,26,10,1
204,1,1,0,0
274,1,2,2,0
357,9,16,1,1
194,2,3,3,0
475,7,15,10,1
962,8,5,5,1
239,0,4,2,0
134,9,2,8,1
242,3,1,6,0
810,7,16,4,1
151,2,2,4,0
671,7,7,9,1
231,1,2,6,0
262,2,2,2,0
164,9,25,6,1
212,5,2,0,0
753,1,5,3,1
192,9,5,10,1
80,2,3,0,0
912,9,5,9,1
29,5,5,2,0
240,5,19,9,1
198,4,27,10,1
186,2,2,2,0
375,5,24,1,1
246,0,1,2,0
476,2,3,3,0
78,5,3,2,0
100,7,21,6,1
458,6,5,6,1
934,7,11,4,1
527,4,20,9,1
294,2,1,0,0
